{
  "lang":"en",
  "name":"pipeline",
  "version":"0.0.0",
  "spacy_version":">=3.8.11,<3.9.0",
  "description":"",
  "author":"",
  "email":"",
  "url":"",
  "license":"",
  "spacy_git_version":"e7a662a",
  "vectors":{
    "width":0,
    "vectors":0,
    "keys":0,
    "name":null,
    "mode":"default"
  },
  "labels":{
    "tok2vec":[

    ],
    "ner":[
      " B-CN",
      " B-ID",
      " B-SN",
      "B -DATE",
      "B -ID",
      "B -SN",
      "B-CN",
      "B-DATE",
      "B-IBAN",
      "B-ID",
      "B-S N",
      "B-SN",
      "B-TOTAL",
      "B-TOTAL ",
      "I-CN",
      "I-SN",
      "I-TOTAL",
      "O-CN"
    ]
  },
  "pipeline":[
    "tok2vec",
    "ner"
  ],
  "components":[
    "tok2vec",
    "ner"
  ],
  "disabled":[

  ],
  "performance":{
    "ents_f":0.8946564885,
    "ents_p":0.8746268657,
    "ents_r":0.915625,
    "ents_per_type":{
      "B-ID":{
        "p":0.9714285714,
        "r":1.0,
        "f":0.9855072464
      },
      "B-SN":{
        "p":0.9142857143,
        "r":0.9142857143,
        "f":0.9142857143
      },
      "I-SN":{
        "p":0.7857142857,
        "r":0.8979591837,
        "f":0.8380952381
      },
      "I-CN":{
        "p":0.7,
        "r":0.8139534884,
        "f":0.752688172
      },
      "B-IBAN":{
        "p":1.0,
        "r":1.0,
        "f":1.0
      },
      "B-DATE":{
        "p":0.9722222222,
        "r":0.9722222222,
        "f":0.9722222222
      },
      "B-CN":{
        "p":0.84375,
        "r":0.75,
        "f":0.7941176471
      },
      "B-TOTAL":{
        "p":0.9166666667,
        "r":0.9705882353,
        "f":0.9428571429
      },
      "I-TOTAL":{
        "p":0.9,
        "r":1.0,
        "f":0.9473684211
      }
    },
    "tok2vec_loss":47.1839132403,
    "ner_loss":18.5950050354
  }
}