{
  "lang":"en",
  "name":"pipeline",
  "version":"0.0.0",
  "spacy_version":">=3.8.11,<3.9.0",
  "description":"",
  "author":"",
  "email":"",
  "url":"",
  "license":"",
  "spacy_git_version":"e7a662a",
  "vectors":{
    "width":0,
    "vectors":0,
    "keys":0,
    "name":null,
    "mode":"default"
  },
  "labels":{
    "tok2vec":[

    ],
    "ner":[
      " B-CN",
      " B-ID",
      " B-SN",
      "B -DATE",
      "B -ID",
      "B -SN",
      "B-CN",
      "B-DATE",
      "B-IBAN",
      "B-ID",
      "B-S N",
      "B-SN",
      "B-TOTAL",
      "B-TOTAL ",
      "I-CN",
      "I-SN",
      "I-TOTAL",
      "O-CN"
    ]
  },
  "pipeline":[
    "tok2vec",
    "ner"
  ],
  "components":[
    "tok2vec",
    "ner"
  ],
  "disabled":[

  ],
  "performance":{
    "ents_f":0.887195122,
    "ents_p":0.8660714286,
    "ents_r":0.909375,
    "ents_per_type":{
      "B-ID":{
        "p":0.9714285714,
        "r":1.0,
        "f":0.9855072464
      },
      "B-SN":{
        "p":0.9142857143,
        "r":0.9142857143,
        "f":0.9142857143
      },
      "I-SN":{
        "p":0.7457627119,
        "r":0.8979591837,
        "f":0.8148148148
      },
      "I-CN":{
        "p":0.6666666667,
        "r":0.7906976744,
        "f":0.7234042553
      },
      "B-IBAN":{
        "p":1.0,
        "r":1.0,
        "f":1.0
      },
      "B-DATE":{
        "p":0.9722222222,
        "r":0.9722222222,
        "f":0.9722222222
      },
      "B-CN":{
        "p":0.8387096774,
        "r":0.7222222222,
        "f":0.776119403
      },
      "B-TOTAL":{
        "p":0.9428571429,
        "r":0.9705882353,
        "f":0.9565217391
      },
      "I-TOTAL":{
        "p":0.9473684211,
        "r":1.0,
        "f":0.972972973
      }
    },
    "tok2vec_loss":64.0238016281,
    "ner_loss":11.6721906662
  }
}